Ethnicity,Standardised ethnicity,5-category ethnicity,17-category ethnicity,Notes
Asian (Bangladesh),Bangladeshi,Asian,Asian: Bangladeshi,
Asian (Bangladeshi),Bangladeshi,Asian,Asian: Bangladeshi,
Asian Bangladeshi,Bangladeshi,Asian,Asian: Bangladeshi,
Bangaldesh,Bangladeshi,Asian,Asian: Bangladeshi,
Bangladesh,Bangladeshi,Asian,Asian: Bangladeshi,
Bangladeshi,Bangladeshi,Asian,Asian: Bangladeshi,
British Bangladeshi,Bangladeshi,Asian,Asian: Bangladeshi,
British-bangladeshi,Bangladeshi,Asian,Asian: Bangladeshi,
Not Stated (British Bangladeshi),Bangladeshi,Asian,Asian: Bangladeshi,
Asian (Chinese),Chinese,Asian,Asian: Chinese,
Chinese,Chinese,Asian,Asian: Chinese,
Chinese/British,Chinese,Asian,Asian: Chinese,
Hakka Chinese,Chinese/Hakka,Asian,Asian: Chinese,
Chinese (Hong Kong),Chinese/Hong Kong,Asian,Asian: Chinese,
Hong Kong Cantonese,Chinese/Hong Kong,Asian,Asian: Chinese,
Asian  (Indian),Indian,Asian,Asian: Indian,
Asian (Indian),Indian,Asian,Asian: Indian,
Asian (Maharashtra Indian),Indian,Asian,Asian: Indian,
Asian - Indian,Indian,Asian,Asian: Indian,
Asian India,Indian,Asian,Asian: Indian,
Asian Indian,Indian,Asian,Asian: Indian,
Asian-Indian,Indian,Asian,Asian: Indian,
Asian/Indian,Indian,Asian,Asian: Indian,
British Indian,Indian,Asian,Asian: Indian,
East Indian,Indian,Asian,Asian: Indian,
INDIAN,Indian,Asian,Asian: Indian,
Indian,Indian,Asian,Asian: Indian,
Indian Asian,Indian,Asian,Asian: Indian,
Indian British,Indian,Asian,Asian: Indian,
Indian mixed Asian,Indian,Asian,Asian: Indian,
Indian south chennai,Indian,Asian,Asian: Indian,
Not Stated (British Indian),Indian,Asian,Asian: Indian,
South Indian,Indian,Asian,Asian: Indian,
indian,Indian,Asian,Asian: Indian,
Asian (Afghan),Afghan,Asian,Asian: Other,
Asian (Armenian),Armenian,Asian,Asian: Other,
Asian (Azerbaijanian),Azerbaijanian,Asian,Asian: Other,
Asian (Bengali),Bengali,Asian,Asian: Other,
Bengali,Bengali,Asian,Asian: Other,
Bengali UK,Bengali,Asian,Asian: Other,
British Bengali,Bengali,Asian,Asian: Other,
Asian (Cambodian),Cambodian,Asian,Asian: Other,
Cambodian,Cambodian,Asian,Asian: Other,
Chinese/Filipino,Chinese/Filipino,Asian,Asian: Other,
Chinese/Vietnamese,Chinese/Vietnamese,Asian,Asian: Other,
Vietnamese/Chinese,Chinese/Vietnamese,Asian,Asian: Other,
chinese/vietnamese,Chinese/Vietnamese,Asian,Asian: Other,
East Asian,East Asian,Asian,Asian: Other,
Asian (Fijian),Fijian,Asian,Asian: Other,
Fiji Indian,Fijian/Indian,Asian,Asian: Other,
Fijian Indian,Fijian/Indian,Asian,Asian: Other,
Asian (Fllipino),Filipino,Asian,Asian: Other,
Asian (Philipines),Filipino,Asian,Asian: Other,
Asian (Phillipine),Filipino,Asian,Asian: Other,
Asian Filipino,Filipino,Asian,Asian: Other,
Asian/Philipino,Filipino,Asian,Asian: Other,
Filipino,Filipino,Asian,Asian: Other,
Filipinos,Filipino,Asian,Asian: Other,
Filippino,Filipino,Asian,Asian: Other,
Philipines,Filipino,Asian,Asian: Other,
Philipinnes,Filipino,Asian,Asian: Other,
Philipino,Filipino,Asian,Asian: Other,
Philipino British,Filipino,Asian,Asian: Other,
Phillipines,Filipino,Asian,Asian: Other,
Phillipino,Filipino,Asian,Asian: Other,
Gujrati,Gujarati,Asian,Asian: Other,
Asian (Iban),Iban,Asian,Asian: Other,
Iban,Iban,Asian,Asian: Other,
Myanmar Indian,Indian/Myanmarese,Asian,Asian: Other,
Indian/Sri Lankan,Indian/Sri Lankan,Asian,Asian: Other,
Asian (Indonesia),Indonesian,Asian,Asian: Other,
Asian (Indonesian),Indonesian,Asian,Asian: Other,
Indonesian,Indonesian,Asian,Asian: Other,
Indonesian Asian,Indonesian,Asian,Asian: Other,
Indonesian Javenese,Indonesian/Javanese,Asian,Asian: Other,
Java,Indonesian/Javanese,Asian,Asian: Other,
Asian (Minang West Sumatra),Indonesian/Minang,Asian,Asian: Other,
Sunda,Indonesian/Sundanese,Asian,Asian: Other,
Asian (Iranian),Iranian,Asian,Asian: Other,
Asian (Iraqi),Iraqi,Asian,Asian: Other,
Asian (Israeli),Israeli,Asian,Asian: Other,
Asian (Japanese),Japanese,Asian,Asian: Other,
Japanese,Japanese,Asian,Asian: Other,
Kashmiri,Kashmiri,Asian,Asian: Other,
Asian (Vietnamese Kinh),Kinh,Asian,Asian: Other,
Asian (Korean),Korean,Asian,Asian: Other,
Korean,Korean,Asian,Asian: Other,
Asain (Kurdistan),Kurdistani,Asian,Asian: Other,
Asian (Kurdistan),Kurdistani,Asian,Asian: Other,
Kurdistan,Kurdistani,Asian,Asian: Other,
Asian (Malay),Malay,Asian,Asian: Other,
Asian (Malays),Malay,Asian,Asian: Other,
Asian Malay,Malay,Asian,Asian: Other,
Malay,Malay,Asian,Asian: Other,
Malayan,Malay,Asian,Asian: Other,
Malays Asian,Malay,Asian,Asian: Other,
Malaysian,Malay,Asian,Asian: Other,
Melanau,Malay/Melanau,Asian,Asian: Other,
Asian (mauritian),Mauritian,Asian,Asian: Other,
Asian (Middle Eastern),Middle Eastern,Asian,Asian: Other,
Asian (middle east),Middle Eastern,Asian,Asian: Other,
Asian *Myanamese Rakhine),Myanamese/Rakhine,Asian,Asian: Other,
Asian (Myanmar),Myanmarese,Asian,Asian: Other,
Asian (Myanmarese),Myanmarese,Asian,Asian: Other,
Asian (Nepalese),Nepalese,Asian,Asian: Other,
Nepal,Nepalese,Asian,Asian: Other,
Nepalese,Nepalese,Asian,Asian: Other,
Nepali,Nepalese,Asian,Asian: Other,
New Zealand Indian,New Zealander,Asian,Asian: Other,
Asian (Omani),Omani,Asian,Asian: Other,
Asain-British,Other,Asian,Asian: Other,
Asian,Other,Asian,Asian: Other,
Asian (Hill Tribe),Other,Asian,Asian: Other,
Asian (Hindu),Other,Asian,Asian: Other,
Asian (Sikh),Other,Asian,Asian: Other,
Asian - other,Other,Asian,Asian: Other,
Asian British,Other,Asian,Asian: Other,
Asian/British,Other,Asian,Asian: Other,
Asian/Italian,Other,Asian,Asian: Other,
British Asian,Other,Asian,Asian: Other,
Hindu,Other,Asian,Asian: Other,
"Muslim, Asian",Other,Asian,Asian: Other,
Other Asian,Other,Asian,Asian: Other,
Asian (Palestinian),Palestinian,Asian,Asian: Other,
Punjabi,Punjabi,Asian,Asian: Other,
Asian (Punjabi Bhatti),Punjabi/Bhatti,Asian,Asian: Other,
Asian Sindhi,Sindhi,Asian,Asian: Other,
Sindhi,Sindhi,Asian,Asian: Other,
Singapore,Singaporean,Asian,Asian: Other,
Singaporean,Singaporean,Asian,Asian: Other,
Asian (South Asian),South Asian,Asian,Asian: Other,
Asian (south),South Asian,Asian,Asian: Other,
South Asian,South Asian,Asian,Asian: Other,
South asian,South Asian,Asian,Asian: Other,
Asian (South East),South East Asian,Asian,Asian: Other,
Asian (south east),South East Asian,Asian,Asian: Other,
SE Asian,South East Asian,Asian,Asian: Other,
South East Asian,South East Asian,Asian,Asian: Other,
Southeast Asian,South East Asian,Asian,Asian: Other,
Urdu,South East Asian,Asian,Asian: Other,
urdu speaking,South East Asian,Asian,Asian: Other,
South Korean,South Korean,Asian,Asian: Other,
Asian (Sri Landan),Sri Lankan,Asian,Asian: Other,Assume misspelled Sri Lankan
Asian (Sri Lanka),Sri Lankan,Asian,Asian: Other,
Asian (Sri Lankan),Sri Lankan,Asian,Asian: Other,
Asian Sri Lankan,Sri Lankan,Asian,Asian: Other,
Not Stated (Sri Lankan),Sri Lankan,Asian,Asian: Other,
Shiri Lanka,Sri Lankan,Asian,Asian: Other,Assume misspelled Sri Lanka
Sri Lanka,Sri Lankan,Asian,Asian: Other,
Sri Lankan,Sri Lankan,Asian,Asian: Other,
Sri Lankan Asian,Sri Lankan,Asian,Asian: Other,
Sri Lanken,Sri Lankan,Asian,Asian: Other,
Sri lanka,Sri Lankan,Asian,Asian: Other,
Srilankan,Sri Lankan,Asian,Asian: Other,
Asian (Sinhalese),Sri Lankan/Sinhalese,Asian,Asian: Other,
Not Stated (Sinhala),Sri Lankan/Sinhalese,Asian,Asian: Other,
Sinhala,Sri Lankan/Sinhalese,Asian,Asian: Other,
Sinhalese,Sri Lankan/Sinhalese,Asian,Asian: Other,
Asian (Tamil),Sri Lankan/Tamil,Asian,Asian: Other,
Tamil,Sri Lankan/Tamil,Asian,Asian: Other,
Taiwan,Taiwanese,Asian,Asian: Other,
Asian (Thai),Thai,Asian,Asian: Other,
Asian (Thailand),Thai,Asian,Asian: Other,
Asian Thai,Thai,Asian,Asian: Other,
Thai,Thai,Asian,Asian: Other,
Tibetan,Tibetan,Asian,Asian: Other,
East Asian (East Timor),Timorese,Asian,Asian: Other,
Asian (Turkish),Turkish,Asian,Asian: Other,
Uzbekistan,Ukbekistani,Asian,Asian: Other,
Asian (Vietnamese),Vietnamese,Asian,Asian: Other,
Not Stated (Vietnamese),Vietnamese,Asian,Asian: Other,
Vietnamese,Vietnamese,Asian,Asian: Other,
Vietnamese Asian,Vietnamese,Asian,Asian: Other,
Asian (Kinh Ethnic),Vietnamese/Kinh,Asian,Asian: Other,
Asian (Kinh Vietnamese),Vietnamese/Kinh,Asian,Asian: Other,
Asian (Kinh),Vietnamese/Kinh,Asian,Asian: Other,
Asian Kinh Ethnic,Vietnamese/Kinh,Asian,Asian: Other,
Asian Kinh Vietnamese,Vietnamese/Kinh,Asian,Asian: Other,
Kinh,Vietnamese/Kinh,Asian,Asian: Other,
Kinh Ethnic,Vietnamese/Kinh,Asian,Asian: Other,
Kinh Vietnamese,Vietnamese/Kinh,Asian,Asian: Other,
Asian (Muong),Vietnamese/Muong,Asian,Asian: Other,
Nung,Vietnamese/Nung,Asian,Asian: Other,
Asian (British Pakistani),Pakistani,Asian,Asian: Pakistani,
Asian (Pakistan),Pakistani,Asian,Asian: Pakistani,
Asian (Pakistani),Pakistani,Asian,Asian: Pakistani,
Asian - Pakistani,Pakistani,Asian,Asian: Pakistani,
Asian Pakistani,Pakistani,Asian,Asian: Pakistani,
Asian/Pakistani,Pakistani,Asian,Asian: Pakistani,
British Asian/Pakistani,Pakistani,Asian,Asian: Pakistani,
British Pakistani,Pakistani,Asian,Asian: Pakistani,
British/Pakistani,Pakistani,Asian,Asian: Pakistani,
Pakistan,Pakistani,Asian,Asian: Pakistani,
Pakistani,Pakistani,Asian,Asian: Pakistani,
Pakistani/Urdu,Pakistani,Asian,Asian: Pakistani,
South Asian - Pakistani,Pakistani,Asian,Asian: Pakistani,
pakistani,Pakistani,Asian,Asian: Pakistani,
pakistani/spanish,Pakistani,Asian,Asian: Pakistani,
Baloch,Pakistani/Baloch,Asian,Asian: Pakistani,
Balochi,Pakistani/Baloch,Asian,Asian: Pakistani,
Balochi/Pakistan,Pakistani/Baloch,Asian,Asian: Pakistani,
Balushi,Pakistani/Baloch,Asian,Asian: Pakistani,
Mirpuri/Pakistani,Pakistani/Mirpuri,Asian,Asian: Pakistani,
Muhajir,Pakistani/Muhajir,Asian,Asian: Pakistani,
Not Stated (Mahajir),Pakistani/Muhajir,Asian,Asian: Pakistani,
Pashto,Pakistani/Pashtun,Asian,Asian: Pakistani,
Pathan,Pakistani/Pashtun,Asian,Asian: Pakistani,
Pushto,Pakistani/Pashtun,Asian,Asian: Pakistani,Assume misspelled Pashto
Pushtuns,Pakistani/Pashtun,Asian,Asian: Pakistani,Assume misspelled Pashtuns
Not Stated (Saraiki),Pakistani/Saraiki,Asian,Asian: Pakistani,
Saraiki,Pakistani/Saraiki,Asian,Asian: Pakistani,
Sariaki,Pakistani/Saraiki,Asian,Asian: Pakistani,
Africa,African,Black,Black: African,
African,African,Black,Black: African,
Black (African),African,Black,Black: African,
Black African,African,Black,Black: African,
Not Stated (African),African,Black,Black: African,
Black (Cameroon),Cameroonian,Black,Black: African,
Congo,Congolese,Black,Black: African,
Congolese,Congolese,Black,Black: African,
East African,East African,Black,Black: African,
Black (Eritrean),Eritrean,Black,Black: African,
Eritrea,Eritrean,Black,Black: African,
Eritrean,Eritrean,Black,Black: African,
Etrtia,Eritrean,Black,Black: African,
Black (Ethiopian),Ethiopian,Black,Black: African,
Ethiopian,Ethiopian,Black,Black: African,
Not Stated (Ethiopian),Ethiopian,Black,Black: African,
Gambian,Gambian,Black,Black: African,
Black (Ghanaian),Ghanian,Black,Black: African,
Ghana,Ghanian,Black,Black: African,
Ghanian,Ghanian,Black,Black: African,
Ibo,Igbo,Black,Black: African,Assume misspelled Igbo
Igbo,Igbo,Black,Black: African,
Black (Kenyan),Kenyan,Black,Black: African,
African (Madagascar),Madagascan,Black,Black: African,
Not Stated (Mozambiquan),Mozambiquan,Black,Black: African,
Black (Nigerian),Nigerian,Black,Black: African,
Black Nigerian,Nigerian,Black,Black: African,
Nigeria,Nigerian,Black,Black: African,
Nigerian,Nigerian,Black,Black: African,
Black (North African),North African,Black,Black: African,
Black (Somali),Somali,Black,Black: African,
Not Stated (African-Somali),Somali,Black,Black: African,
Not Stated (Somalian),Somali,Black,Black: African,
Somailian,Somali,Black,Black: African,
Somali,Somali,Black,Black: African,
Somalia,Somali,Black,Black: African,
Somalian,Somali,Black,Black: African,
Black (South African),South African,Black,Black: African,
South African,South African,Black,Black: African,
African Sudanese,Sudanese,Black,Black: African,
Black (Sudanese),Sudanese,Black,Black: African,
British Sudani,Sudanese,Black,Black: African,
Not Stated (Sudamese),Sudanese,Black,Black: African,
Sudan,Sudanese,Black,Black: African,
Sudanese,Sudanese,Black,Black: African,
West Sudan,Sudanese,Black,Black: African,
Gwamaa,Sudanese/Gawamaa,Black,Black: African,Assume misspelled Gawarmaa
West African,West African,Black,Black: African,
Zimbabwaean,Zimbabwaean,Black,Black: African,
Zimbabwe,Zimbabwaean,Black,Black: African,
Zulu,Zulu,Black,Black: African,
African Carribean,Caribbean,Black,Black: Caribbean,
Afro Carribean,Caribbean,Black,Black: Caribbean,
Afro caribbean,Caribbean,Black,Black: Caribbean,
Afro carribean,Caribbean,Black,Black: Caribbean,
Afro-Caribbean,Caribbean,Black,Black: Caribbean,
Afro-Carribean,Caribbean,Black,Black: Caribbean,
Afro-caribbean,Caribbean,Black,Black: Caribbean,
Afrocaribbean,Caribbean,Black,Black: Caribbean,
Afrocarribean,Caribbean,Black,Black: Caribbean,
Black (Afro-Carribbean),Caribbean,Black,Black: Caribbean,
Black (Afro-Carribean),Caribbean,Black,Black: Caribbean,
Black (Caribbean),Caribbean,Black,Black: Caribbean,
Black (Carribbean),Caribbean,Black,Black: Caribbean,
Black British - Carribbean,Caribbean,Black,Black: Caribbean,
Black Caribbean,Caribbean,Black,Black: Caribbean,
Black Carribbean,Caribbean,Black,Black: Caribbean,
Black Carribean,Caribbean,Black,Black: Caribbean,
British caribean,Caribbean,Black,Black: Caribbean,
Caribbean,Caribbean,Black,Black: Caribbean,
Caribean,Caribbean,Black,Black: Caribbean,
Carribean,Caribbean,Black,Black: Caribbean,
Not Stated (Carribbean),Caribbean,Black,Black: Caribbean,
carribean,Caribbean,Black,Black: Caribbean,
Not Stated (Bahamian),Caribbean/Bahamian,Black,Black: Caribbean,
Afro-Carribean (Bermudian),Caribbean/Bermudian,Black,Black: Caribbean,
Cuban/black,Caribbean/Cuban,Black,Black: Caribbean,
Jamaican,Caribbean/Jamaica,Black,Black: Caribbean,
African American,African American,Black,Black: Other,
African-american,African American,Black,Black: Other,
Black (African American),African American,Black,Black: Other,
Afican (Algerian),Algerian,Black,Black: Other,
Cape Verde,Cape Verdean,Black,Black: Other,
African (Egyptian),Egyptian,Black,Black: Other,
Black,Other,Black,Black: Other,
Black (British),Other,Black,Black: Other,
Black (british),Other,Black,Black: Other,
Black British,Other,Black,Black: Other,
Other Black,Other,Black,Black: Other,
caucasian/Aboriginal,Aboriginal/White,Mixed,Mixed: Other,
"Mixed (Algerian, Indian, White British)",Algerian/Indian/White British,Mixed,Mixed: Other,
Mixed Arab/German,Arabic/German,Mixed,Mixed: Other,
Arab Caucasian,Arabic/White,Mixed,Mixed: Other,
Arabic/ Caucasian),Arabic/White,Mixed,Mixed: Other,
Mixed Ashkenazi - Argentina,Argentinian/Ashkenazi Jewish,Mixed,Mixed: Other,
Mixed Asian/Carribean,Asian/Black Caribbean,Mixed,Mixed: Other,
Mixed Marooc - Ashkenazi Jewish,Ashkenazi Jewish/Moroccan,Mixed,Mixed: Other,
African Arabic,Black African/Arabic,Mixed,Mixed: Other,
Afro-Arab,Black African/Arabic,Mixed,Mixed: Other,
Arab/African,Black African/Arabic,Mixed,Mixed: Other,
Arabic/African,Black African/Arabic,Mixed,Mixed: Other,
Asian/African/European,Black African/Arabic/White European,Mixed,Mixed: Other,
Mixed white and black African,Black African/Asian,Mixed,Mixed: Other,
Mixed - black African/White European/Asian,Black African/Asian/White European,Mixed,Mixed: Other,
Mixed Indian Sri Lankan African,Black African/Indian/Sri Lankan,Mixed,Mixed: Other,
"Mixed: Black African, Caucasian, AmerIndian",Black African/Native American/White,Mixed,Mixed: Other,
"Mixed,Caribbean, Scottish, Indian,",Black Caribbean/Indian/Scottish,Mixed,Mixed: Other,
Mixed Caribean,Black Caribbean/Other,Mixed,Mixed: Other,
Mixed (Black and White),Black/White,Mixed,Mixed: Other,
Mixed (White & Black),Black/White,Mixed,Mixed: Other,
Mixed White & Black,Black/White,Mixed,Mixed: Other,
Mixed black & white,Black/White,Mixed,Mixed: Other,
White & Black Other,Black/White,Mixed,Mixed: Other,
White & black,Black/White,Mixed,Mixed: Other,
British/Norwegian/First Nations/Metis,British/Norwegian/First Nations/Metis,Mixed,Mixed: Other,
Mixed British,British/Other,Mixed,Mixed: Other,
Mixed Indonesian - Chinese,Chinese/Indonesian,Mixed,Mixed: Other,
Mixed (Venezualan/Cypriot),Cypriot/Venezualan,Mixed,Mixed: Other,
Mixed (Eastern Euro and Iraqi),Eastern European/Iraqi,Mixed,Mixed: Other,
Mixed (Equador?),Ecuador/Other,Mixed,Mixed: Other,
Mixed (Egyptian/Tunisian/Belgian/German),Egyptian/Tunisian/Belgian/German,Mixed,Mixed: Other,
Mixed (White/Egyptian),Egyptian/White,Mixed,Mixed: Other,
Mixed European,European/Other,Mixed,Mixed: Other,
Mixed (Fijian-Indian),Fijian/Indian,Mixed,Mixed: Other,
Mixed (German-Turkish),German/Turkish,Mixed,Mixed: Other,
Mixed (White & Hispanic),Hispanic/White,Mixed,Mixed: Other,
Mixed (Asian-Indian/British Indian),Indian,Mixed,Mixed: Other,
Mixed (Mauritian/Punjabi Indian),Indian/Mauritian,Mixed,Mixed: Other,
White/Indigenous Australian/Polynesian,Indigenous Australian/Polynesian/White,Mixed,Mixed: Other,
Mixed (white/Indigenous Canadian),Indigenous Canadian/White,Mixed,Mixed: Other,
Mixed (white/iranian/turkish),Iranian/Turkish/White,Mixed,Mixed: Other,
Mixed (Iranian-British),Iranian/White,Mixed,Mixed: Other,
Mixed (White-Iranian),Iranian/White,Mixed,Mixed: Other,
Mixed white and Iranian,Iranian/White,Mixed,Mixed: Other,
Mixed - White & Israeli,Israeli/White,Mixed,Mixed: Other,
Mixed (Half Jamacain),Jamaican/Other,Mixed,Mixed: Other,
Half Maltese,Maltese,Mixed,Mixed: Other,
Mixed Maori & white,Maori/White,Mixed,Mixed: Other,
Caucasian/Middle Eastern,Middle Eastern/White,Mixed,Mixed: Other,
Mixed,Other,Mixed,Mixed: Other,
Mixed Other,Other,Mixed,Mixed: Other,
Mixed race,Other,Mixed,Mixed: Other,
Not Stated (?mixed),Other,Mixed,Mixed: Other,
Other Mixed,Other,Mixed,Mixed: Other,
White (Mixed),Other/White,Mixed,Mixed: Other,
Mixed (Polish - Romanian),Polish/Romanian,Mixed,Mixed: Other,
Mixed (Asian/White),Asian/White,Mixed,Mixed: White & Asian,
Mixed white asian,Asian/White,Mixed,Mixed: White & Asian,
Mixed white/Asian,Asian/White,Mixed,Mixed: White & Asian,
Mixed: White-Asian,Asian/White,Mixed,Mixed: White & Asian,
Mixed: White/Asian,Asian/White,Mixed,Mixed: White & Asian,
White & Asian,Asian/White,Mixed,Mixed: White & Asian,
White-Asian,Asian/White,Mixed,Mixed: White & Asian,
Mixed eurasian,Asian/White,Mixed,Mixed: White & Asian,
"Mixed (European, Chinese)",Chinese/European,Mixed,Mixed: White & Asian,
Mixed Chinese German,Chinese/German,Mixed,Mixed: White & Asian,
Mixed - Chinese / White,Chinese/White,Mixed,Mixed: White & Asian,
Mixed: White/Chinese,Chinese/White,Mixed,Mixed: White & Asian,
Indian/White mixed,English/Indian,Mixed,Mixed: White & Asian,
Mixed (English-Indonesian),English/Indonesian,Mixed,Mixed: White & Asian,
Mixed english and pakistan,English/Pakistani,Mixed,Mixed: White & Asian,
Mixed (Filippino/Irish),Filipino/Irish,Mixed,Mixed: White & Asian,
Mixed (Indian/white),Indian/White,Mixed,Mixed: White & Asian,
mixed british and indian,Indian/White British,Mixed,Mixed: White & Asian,
Mixed Slovakian-Pakistani,Slovakian/Pakistani,Mixed,Mixed: White & Asian,
Mixed white/SE Asian,South East Asian/White,Mixed,Mixed: White & Asian,
Mixed (Spanish - African Canadian),Black African/Canadian/Spanish,Mixed,Mixed: White & Black African,
Mixed (White African),Black African/White,Mixed,Mixed: White & Black African,
Mixed (White & Black African),Black African/White,Mixed,Mixed: White & Black African,
White & Black African,Black African/White,Mixed,Mixed: White & Black African,
Mixed (African/European),Black African/White European,Mixed,Mixed: White & Black African,
Mixed whte/Capverdian,Cape Verdean/White,Mixed,Mixed: White & Black African,
White and Afro Caribbean (Guadeloupe),Black Caribbean/Guadelopean/White,Mixed,Mixed: White & Black Caribbean,
Mixed white & black caribbean,Black Caribbean/White,Mixed,Mixed: White & Black Caribbean,
Mixed white and Afro Caribbean,Black Caribbean/White,Mixed,Mixed: White & Black Caribbean,
White & Black Carribean,Black Caribbean/White,Mixed,Mixed: White & Black Caribbean,
Mixed (White/Black caribbean),Black Caribbean/White,Mixed,Mixed: White & Black Caribbean,
Mixed (Jamaican Canadian),Canadian/Jamaican,Mixed,Mixed: White & Black Caribbean,
Mixed (Jamican Candian),Canadian/Jamaican,Mixed,Mixed: White & Black Caribbean,
English and Jamaican,English/Jamaican,Mixed,Mixed: White & Black Caribbean,
Algerian,Algerian,Other,Other: Arab,
Not Stated (Algerian),Algerian,Other,Other: Arab,
Arab,Arabic,Other,Other: Arab,
Arabic,Arabic,Other,Other: Arab,
Arabic (Afghanistani),Arabic/Afghanistani,Other,Other: Arab,
Arabic (Algeria),Arabic/Algerian,Other,Other: Arab,
Arabic: Egyptian,Arabic/Egyptian,Other,Other: Arab,
Arabic (Emerati),Arabic/Emerati,Other,Other: Arab,
Arabic (Iranian),Arabic/Iranian,Other,Other: Arab,
Arabic (Iraqi),Arabic/Iraqi,Other,Other: Arab,
Israeli Arab,Arabic/Israeli,Other,Other: Arab,
Arabic (Jordanian),Arabic/Jordanian,Other,Other: Arab,
Arabic (Kurdish),Arabic/Kurdish,Other,Other: Arab,
Arabic (Kuwaiti),Arabic/Kuwaiti,Other,Other: Arab,
Arabic (Lebanese),Arabic/Lebanese,Other,Other: Arab,
Arabic (Libyian),Arabic/Libyan,Other,Other: Arab,
Arab/Moroccan,Arabic/Moroccan,Other,Other: Arab,
Arabic (Palestine),Arabic/Palestinian,Other,Other: Arab,
Arabic (Palestinian),Arabic/Palestinian,Other,Other: Arab,
Palestenian Arab Moslim,Arabic/Palestinian,Other,Other: Arab,
Arabic (Sudan),Arabic/Sudanese,Other,Other: Arab,
Arabic (sudanese),Arabic/Sudanese,Other,Other: Arab,
Arabic/Sudanese,Arabic/Sudanese,Other,Other: Arab,
Arabic/Syrian,Arabic/Syrian,Other,Other: Arab,
Druze,Druze,Other,Other: Arab,
Egyptian,Egyptian,Other,Other: Arab,
Eygpt,Egyptian,Other,Other: Arab,
Iraq,Iraqi,Other,Other: Arab,
Iraqi,Iraqi,Other,Other: Arab,
Jewish Iraqi/Yemenite/Turkish,Iraqi/Turkish/Yemeni,Other,Other: Arab,
Jordan,Jordanian,Other,Other: Arab,
Jordanian,Jordanian,Other,Other: Arab,
Kuwait,Kuwaiti,Other,Other: Arab,
Kuwaiti,Kuwaiti,Other,Other: Arab,
Lebanese,Lebanese,Other,Other: Arab,
Syrian/Lebanese,Lebanese/Syrian,Other,Other: Arab,
Libya,Libyan,Other,Other: Arab,
Lybian,Libyan,Other,Other: Arab,
Maghreb,Maghreb,Other,Other: Arab,
Middle Eastern,Middle Eastern,Other,Other: Arab,
Not Stated (Middle East),Middle Eastern,Other,Other: Arab,
Maroc,Moroccan,Other,Other: Arab,
Morocan,Moroccan,Other,Other: Arab,
Moroccan,Moroccan,Other,Other: Arab,
Morocco,Moroccan,Other,Other: Arab,
Moroccon,Moroccan,Other,Other: Arab,
Not Stated (Moroccan),Moroccan,Other,Other: Arab,
Zagoura,Moroccan,Other,Other: Arab,
Oman,Omani,Other,Other: Arab,
Omani,Omani,Other,Other: Arab,
Not Stated (Tunisia),Tunisian,Other,Other: Arab,
Tunisian,Tunisian,Other,Other: Arab,
Yemen,Yemeni,Other,Other: Arab,
Aboriginal,Aboriginal,Other,Other: Other,
Aboriginal Australian,Aboriginal,Other,Other: Other,
Cook Island/Aboriginal,Aboriginal/Cook Island Maori,Other,Other: Other,
Afgan,Afghan,Other,Other: Other,
Afghan,Afghan,Other,Other: Other,
Afghani,Afghan,Other,Other: Other,
Afghanistan,Afghan,Other,Other: Other,
Argentinean,Argentinian,Other,Other: Other,
Argentinian,Argentinian,Other,Other: Other,
Armenian,Armenian,Other,Other: Other,
Ashkenazi,Ashkenazi Jewish,Other,Other: Other,
Ashkenazi Jew,Ashkenazi Jewish,Other,Other: Other,
Ashkenazi Jewish,Ashkenazi Jewish,Other,Other: Other,
Ashkenazi jewish,Ashkenazi Jewish,Other,Other: Other,
Ashkenazi/Iraqi/Persian,Ashkenazi Jewish/Iraqi/Persian,Other,Other: Other,
Ashkenazi Jewish/Libiyan/Moroccon,Ashkenazi Jewish/Libyan/Moroccan,Other,Other: Other,
Moroccan Ashkenazi Jew,Ashkenazi Jewish/Moroccan,Other,Other: Other,
Ashkenazi/Sephardic Jew,Ashkenazi Jewish/Sephardic Jewish,Other,Other: Other,
"Jewish-Father Ashkeazic, Mother Sephradic",Ashkenazi Jewish/Sephardic Jewish,Other,Other: Other,
Not Stated (Mixed Ashkenazi and Serphadi Jewish),Ashkenazi Jewish/Sephardic Jewish,Other,Other: Other,
Ashkenazi-Yemenite Jewish,Ashkenazi Jewish/Yemenite Jewish,Other,Other: Other,
Brazil,Brazilian,Other,Other: Other,
Brazilian,Brazilian,Other,Other: Other,
Sudanese/British,British/Sudanese,Other,Other: Other,
Central American,Central American,Other,Other: Other,
Chechnya,Chechnyan,Other,Other: Other,
Chechnyan,Chechnyan,Other,Other: Other,
Chilean,Chilean,Other,Other: Other,
Chilian,Chilean,Other,Other: Other,
Cook Island Maori,Cook Island Maori,Other,Other: Other,
Cook Island M?ori,Cook Island Maori,Other,Other: Other,
Cook Islander,Cook Island Maori,Other,Other: Other,
Tahitian/Cook Island,Cook Island/Tahitian,Other,Other: Other,
Duch/Native American,Dutch/Native American,Other,Other: Other,
Ecuador,Ecuadorian,Other,Other: Other,
Not Stated (Egyptian),Egyptian,Other,Other: Other,
Fijian,Fijian,Other,Other: Other,
Canadian first nation,First Nations,Other,Other: Other,
First Nation,First Nations,Other,Other: Other,
French/Tunisian,French/Tunisian,Other,Other: Other,
Guatemalan,Guatemalan,Other,Other: Other,
Hazara,Hazara,Other,Other: Other,
Hispanic,Hispanic,Other,Other: Other,
Hispanic (American),Hispanic/American,Other,Other: Other,
Hispanic American,Hispanic/American,Other,Other: Other,
Hispanic (Argentinean),Hispanic/Argentinian,Other,Other: Other,
Hispanic (Brazilian),Hispanic/Brazilian,Other,Other: Other,
Hispanic (Central American),Hispanic/Central American,Other,Other: Other,
Hispanic (Ecuadorian),Hispanic/Ecuadorian,Other,Other: Other,
Hispanic (Mesitzo),Hispanic/Mestizo,Other,Other: Other,
Hispanic (Mestizo),Hispanic/Mestizo,Other,Other: Other,
Hispanic (mestiza),Hispanic/Mestizo,Other,Other: Other,
Hispanic (Peruvian),Hispanic/Peruvian,Other,Other: Other,
Indigenous Canadian,Indigenous Canadian,Other,Other: Other,
Indigenous Guatemalan,Indigenous Guatemalan,Other,Other: Other,
Iran,Iranian,Other,Other: Other,
Iranian,Iranian,Other,Other: Other,
Not Stated (Iranian),Iranian,Other,Other: Other,
Iranian/Kerman,Iranian/Kerman,Other,Other: Other,
"Middle Eastern, Iranian",Iranian/Middle Eastern,Other,Other: Other,
Tunisia/Turkey/Iran,Iranian/Tunisian/Turkish,Other,Other: Other,
Israeli,Israeli,Other,Other: Other,
Jewish (Israeli),Israeli,Other,Other: Other,
Kurdish,Kurdish,Other,Other: Other,
Latin,Latin American,Other,Other: Other,
Latin American,Latin American,Other,Other: Other,
Latina,Latin American,Other,Other: Other,
Not Stated (Latin),Latin American,Other,Other: Other,
Maori,Maori,Other,Other: Other,
M?ori,Maori,Other,Other: Other,
Not stated (Maori),Maori,Other,Other: Other,
Polynesian (Maori),Maori,Other,Other: Other,
Mauritian,Mauritian,Other,Other: Other,
Mauritius,Mauritian,Other,Other: Other,
Maurtian,Mauritian,Other,Other: Other,
Not Stated (Mauritian),Mauritian,Other,Other: Other,
Mestiza,Mestizo,Other,Other: Other,
Mestize,Mestizo,Other,Other: Other,
Mestizo,Mestizo,Other,Other: Other,
Mestizos,Mestizo,Other,Other: Other,
Not Stated (Mestizo),Mestizo,Other,Other: Other,
Mexican,Mexican,Other,Other: Other,
American Indian,Native American,Other,Other: Other,
Amerindian,Native American,Other,Other: Other,
Native American,Native American,Other,Other: Other,
Native American Indian,Native American,Other,Other: Other,
Not Stated (American Indian),Native American,Other,Other: Other,
Niuean,Niuean,Other,Other: Other,
Ni-Vanuatu,Ni-Vanuatu,Other,Other: Other,
North African,North African,Other,Other: Other,
Not Stated (North Africa),North African,Other,Other: Other,
Not Stated (North of Iran),Northern Iranian,Other,Other: Other,
Any other ethnic group,Other,Other,Other: Other,
Any other group,Other,Other,Other: Other,
Mediterranean,Other,Other,Other: Other,
Other,Other,Other,Other: Other,
Pacific Islander,Pacific Islander,Other,Other: Other,
Pacifika,Pacific Islander,Other,Other: Other,
Palestine,Palestinian,Other,Other: Other,
Palestinian,Palestinian,Other,Other: Other,
Persian,Persian,Other,Other: Other,
Peruvian,Peruvian,Other,Other: Other,
Polynesian,Polynesian,Other,Other: Other,
Puertorican,Puertorican,Other,Other: Other,
Quechua,Quechua,Other,Other: Other,
Samoan,Samoan,Other,Other: Other,
Not Stated (Saudi Arabian),Saudi Arabian,Other,Other: Other,
Not Stated (Saudi),Saudi Arabian,Other,Other: Other,
Saudi,Saudi Arabian,Other,Other: Other,
Saudi Arabian,Saudi Arabian,Other,Other: Other,
Sephardi Jewish,Sephardic Jewish,Other,Other: Other,
Sephardic Jewish,Sephardic Jewish,Other,Other: Other,
South American,South American,Other,Other: Other,
South American/Portuguese,South American/Portuguese,Other,Other: Other,
Sirian,Syrian,Other,Other: Other,
Syrian,Syrian,Other,Other: Other,
not Stated (Syrian),Syrian,Other,Other: Other,
Polynesian (Tongan),Tongan,Other,Other: Other,
Tongan,Tongan,Other,Other: Other,
Not Stated (Venezulano),Venezualan,Other,Other: Other,
Venezualan,Venezualan,Other,Other: Other,
Venezuelan,Venezualan,Other,Other: Other,
Anglosaxon,British,White,White: British,
British,British,White,White: British,
Manx/White British,British,White,White: British,
Not Stated (British),British,White,White: British,
UK,British,White,White: British,
White (British),British,White,White: British,
White (british),British,White,White: British,
White British,British,White,White: British,
White british,British,White,White: British,
English,English,White,White: British,
White (english),English,White,White: British,
N Irish,Northern Irish,White,White: British,
Northern Irish,Northern Irish,White,White: British,
White (Nothern Irish),Northern Irish,White,White: British,
Not Stated (Scottish),Scottish,White,White: British,
Scottish,Scottish,White,White: British,
White (Scottish),Scottish,White,White: British,
Welsh,Welsh,White,White: British,
Gypsy,Gypsy or Irish Traveller,White,White: Gypsy or Irish Traveller,
Irish Traveller,Gypsy or Irish Traveller,White,White: Gypsy or Irish Traveller,
"Not Stated (Irish, traveller)",Gypsy or Irish Traveller,White,White: Gypsy or Irish Traveller,
Ireland,Irish,White,White: Irish,
Irish,Irish,White,White: Irish,
Irish Caucasian,Irish,White,White: Irish,
Irish White,Irish,White,White: Irish,
Irish/Caucasian,Irish,White,White: Irish,
Not Stated (Irish),Irish,White,White: Irish,
White (British/Irish),Irish,White,White: Irish,
White (Irish),Irish,White,White: Irish,
White Ireland,Irish,White,White: Irish,
White Irish,Irish,White,White: Irish,
white Irish,Irish,White,White: Irish,
AFRIKAANS,Afrikaner,White,White: Other,
Afrikaner,Afrikaner,White,White: Other,
White (Afrikaner),Afrikaner,White,White: Other,
White (south african),Afrikaner,White,White: Other,
White South African,Afrikaner,White,White: Other,
Albanian,Albanian,White,White: Other,
White (albanaian),Albanian,White,White: Other,
White (Albanian),Albanian,White,White: Other,
White (Armenian),Armenian,White,White: Other,
White (Ashkenazi Jewish),Ashkenazi Jewish,White,White: Other,
"Swedish, Ashkenazi Jewish",Ashkenazi Jewish/Swedish,White,White: Other,
White (Australian European),Australian,White,White: Other,
White (Australian),Australian,White,White: Other,
Australian,Australian,White,White: Other,
White (Australian-Polish European),Australian/Polish,White,White: Other,
White (Austrian),Austrian,White,White: Other,
White (Belgian),Belgian,White,White: Other,
Bosnia/Herzegovina,Bosnian,White,White: Other,
Bosnian,Bosnian,White,White: Other,
White (Bosnian),Bosnian,White,White: Other,
White (Brazilian),Brazilian,White,White: Other,
Intalian/Maltese/British,British/Italian/Maltese,White,White: Other,Assume Intalian is misspelled Italian
White (British/South African),British/South African,White,White: Other,
Bulgarian,Bulgarian,White,White: Other,
Not Stated (Bulgarian),Bulgarian,White,White: Other,
White (Bulgarian),Bulgarian,White,White: Other,
Canadian,Canadian,White,White: Other,
Jewish caucasian,Caucasian,White,White: Other,
White (Chechnyan),Chechnyan,White,White: Other,
Croatian,Croatian,White,White: Other,
White (Croatian),Croatian,White,White: Other,
Not Stated (Latvian/Croatian),Croatian/Latvian,White,White: Other,
Cypriot,Cypriot,White,White: Other,
Greek Cypriot,Cypriot/Greek,White,White: Other,
Turkish Cypriot,Cypriot/Turkish,White,White: Other,
Czech,Czech,White,White: Other,
White (Czech),Czech,White,White: Other,
Danish,Danish,White,White: Other,
White (Danish),Danish,White,White: Other,
Dutch,Dutch,White,White: Other,
White (Dutch),Dutch,White,White: Other,
White (Netherlands),Dutch,White,White: Other,
White Dutch,Dutch,White,White: Other,
Eastern European,Eastern European,White,White: Other,
White (Eastern European),Eastern European,White,White: Other,
White (Egyptian),Egyptian,White,White: Other,
European,European,White,White: Other,
Finnish,Finnish,White,White: Other,
White (Finnish),Finnish,White,White: Other,
White (Fnnish),Finnish,White,White: Other,
French,French,White,White: Other,
French Canadian,French,White,White: Other,
Norwegian/French/Ukrainian,French/Norwegian/Ukrainian,White,White: Other,
Georgian,Georgian,White,White: Other,
German,German,White,White: Other,
Not Stated (German),German,White,White: Other,
White (German),German,White,White: Other,
Greek,Greek,White,White: Other,
Not Stated (Greek),Greek,White,White: Other,
White (greek),Greek,White,White: Other,
White Greek,Greek,White,White: Other,
Turkish/Greek,Greek/Turkish,White,White: Other,
Hungarian,Hungarian,White,White: Other,
Not Stated (Hungarian),Hungarian,White,White: Other,
White (Hungarian),Hungarian,White,White: Other,
Hutterite,Hutterite,White,White: Other,
Icelandic,Icelandic,White,White: Other,
White (Icelandic),Icelandic,White,White: Other,
Not Stated (Inuit),Inuit,White,White: Other,
Caucasian (Iraqi),Iraqi,White,White: Other,
White (Middle Eastern/Iraq),Iraqi,White,White: Other,
Irish Italian,Irish/Italian,White,White: Other,
Italian/Irish/Ukrainian,Irish/Italian/Ukrainian,White,White: Other,
Italian,Italian,White,White: Other,
White (Italian),Italian,White,White: Other,
White Italian,Italian,White,White: Other,
Turkish/Kurdish,Kurdish/Turkish,White,White: Other,
Latvian,Latvian,White,White: Other,
White (Latvian),Latvian,White,White: Other,
White Latvian,Latvian,White,White: Other,
Polish/Latvian,Latvian/Polish,White,White: Other,
Lithuanian,Lithuanian,White,White: Other,
Not Stated (Lithuanian),Lithuanian,White,White: Other,
White (Lithuanian),Lithuanian,White,White: Other,
Maltese,Maltese,White,White: Other,
White (Maltese),Maltese,White,White: Other,
White Middle Eastern,Middle Eastern,White,White: Other,
Moldovan,Moldovan,White,White: Other,
Montenegrin,Montenegrin,White,White: Other,
New Zealand,New Zealander,White,White: Other,
New Zealander,New Zealander,White,White: Other,
Not Stated  (NZ European),New Zealander,White,White: Other,
Not Stated (New Zealand),New Zealander,White,White: Other,
Not Stated (NZ European),New Zealander,White,White: Other,
NZ European,New Zealander,White,White: Other,
White (New Zealand European),New Zealander,White,White: Other,
White (NZ European),New Zealander,White,White: Other,
North American,North American,White,White: Other,
White American,North American,White,White: Other,
Northern European,Northern European,White,White: Other,
Any other white background,Other,White,White: Other,
British or mixed British,Other,White,White: Other,
British Other,Other,White,White: Other,
Caucasian,Other,White,White: Other,
caucasian,Other,White,White: Other,
Not Stated (European),Other,White,White: Other,
Not Stated (Jewish/Russian ?Christian),Other,White,White: Other,
Other White,Other,White,White: Other,
Other white,Other,White,White: Other,
Other White Background,Other,White,White: Other,
White,Other,White,White: Other,
white,Other,White,White: Other,
White (Other),Other,White,White: Other,
White Caucasian,Other,White,White: Other,
White Jewish,Other,White,White: Other,
White other,Other,White,White: Other,
White- other,Other,White,White: Other,
Whtie,Other,White,White: Other,
whtie,Other,White,White: Other,
Not Stated (Poland),Polish,White,White: Other,
Not Stated (Polish),Polish,White,White: Other,
Polish,Polish,White,White: Other,
White - Polish,Polish,White,White: Other,
White (Polish),Polish,White,White: Other,
White-polish,Polish,White,White: Other,
Portuguese,Portuguese,White,White: Other,
White Portuguese,Portuguese,White,White: Other,
Not Stated (Romanian),Romanian,White,White: Other,
Romanian,Romanian,White,White: Other,
White Romanian,Romanian,White,White: Other,
White/other-Romanian,Romanian,White,White: Other,
Romanian/ Portugese,Romanian/Portugese,White,White: Other,
Russian,Russian,White,White: Other,
Slovak,Slovakian,White,White: Other,
White (Slovakia),Slovakian,White,White: Other,
Southern European,Southern European,White,White: Other,
Not Stated (Spanish),Spanish,White,White: Other,
Spanish,Spanish,White,White: Other,
Not Stated (Swedish),Swedish,White,White: Other,
Swedish,Swedish,White,White: Other,
White (Swedish),Swedish,White,White: Other,
Not Stated (Turk),Turkish,White,White: Other,
Not Stated (Turkish),Turkish,White,White: Other,
Tork,Turkish,White,White: Other,Assume misspelled Turk
Turkey,Turkish,White,White: Other,
Turkish,Turkish,White,White: Other,
Turkish/Caucasian,Turkish,White,White: Other,
Turksih,Turkish,White,White: Other,
Ukraine,Ukrainian,White,White: Other,
Ukrainian,Ukrainian,White,White: Other,
Ukranian,Ukrainian,White,White: Other,
White (Ukrainian),Ukrainian,White,White: Other,
White Ukrainian,Ukrainian,White,White: Other,
Not Stated (Ukrainian),Ukranian,White,White: Other,
White (Venezualan),Venezualan,White,White: Other,
Roma,Roma,White,White: Roma,
Romani Gypsy,Roma,White,White: Roma,
Romani Gypsy?,Roma,White,White: Roma,
Aryan,,,,Possibly refers to Indo-Iranian groups but unclear
Ayran,,,,Assume misspelled Aryan
Eton,,,,Unknown
Illegible,,,,
Male,,,,Unknown
Mesmzo,,,,Possibly misspelled Mestizo but unclear
Muslim,,,,Religion not ethnicity
N/A,,,,
NA,,,,
NoWhite,,,,
Non-white,,,,
Not Stated,,,,
Not Stated (Arian),,,,Possibly refers to Indo-Iranian groups but unclear
Not StatedNot Stated,,,,
Not known,,,,
Not provided,,,,
Not sated,,,,
Not state,,,,
Not stated,,,,
Not statedd,,,,
Nwhite,,,,
Patham,,,,Unknown
Pathau,,,,Unknown
SA,,,,Ambiguous
Sikh,,,,Religion not ethnicity
Siriki,,,,Unknown
Unknown,,,,
Unwanted,,,,
not sated,,,,
not stated,,,,
not statted,,,,
nto stated,,,,
Jewish,,,,
Not Stated (Jewish),,,,
Not stated (Muslim),,,,
